jobid,1001,1022,1003,1004,1005,1006,1007,1008,1009,1010,1011,1012,1013,1014,1015,1016,1017,1018,1019,1020,1021,1022,1023,1024,1025,1026,1027,1028,1029,1030,1031,1032,1033,1034,1035,1036,1037,1038,1039,1040,1041,1042,1043,1044,1045,1046,1047,1048,1049,1050,1051,1052,1053,1054,1055,1056,1057,1058,1059,1060,1061,1062,1063,1064,1065,1066,1067,1068,1069,1070,1071,1072,1073,1074,1075,1076,1077,1078,1079,1080,1081,1082,1083,1084,1085,1086,1087,1088,1089,1090,1091,1092,1093,1094,1095,1096,1097,1098,1099,1100,1101,1102,1103,1104,1105,1106,1107,1108,1109,1110,1111,1112,1113,1114,1115,1116,1117,1118,1119,1120,1121,1122,1123,1124,1125,1126,1127,1128,1129,1130,1131,1132,1133,1134,1135,1136,1137,1138,1139,1140,1141,1142,1143,1144,1145,1146,1147,1148,1149,1150,1151,1152,1153,1154,1155,1156,1157,1158,1159,1160,1161,1162,1163,1164,1165,1166,1167,1168,1169,1170,1171,1172,1173,1174,1175,1176,1177,1178,1179,1180,1181,1182,1183,1184,1185,1186,1187,1188,1189,1190,1191,1192,1193,1194,1195,1196,1197,1198,1199,1200
101,8,5,10,9,9,4,6,7,6,8,8,9,10,9,9,9,7,10,8,10,7,9,8,8,7,10,9,6,7,6,7,7,6,6,4,4,6,7,9,7,8,6,4,8,10,4,8,10,8,5,6,10,6,5,7,6,6,10,10,10,6,8,10,7,4,7,10,9,7,7,6,10,5,9,9,5,9,8,7,8,6,9,7,8,9,9,10,5,7,4,10,4,7,4,8,6,7,9,10,5,6,8,7,7,6,6,10,10,8,6,5,4,8,4,10,9,7,7,10,10,9,7,7,6,7,9,6,7,9,5,8,10,6,5,10,6,10,9,6,5,5,8,9,6,7,6,7,10,6,9,9,10,9,8,7,7,8,5,9,9,9,8,8,6,5,7,6,8,7,7,6,8,7,10,7,4,5,4,4,5,9,6,6,9,8,4,7,5,4,8,8,9,9,10,10,4,7,10,8,5
102,8,5,9,6,7,8,6,5,5,7,10,6,4,9,4,10,7,8,9,8,9,6,8,9,4,6,7,8,6,9,5,8,9,7,7,8,5,9,8,9,7,10,10,4,10,8,4,7,4,4,7,7,9,6,8,9,10,4,8,5,7,6,6,10,7,10,9,10,6,9,8,6,5,4,10,9,4,6,5,6,8,6,7,9,8,5,8,8,10,6,6,8,5,7,5,7,10,10,7,4,7,7,5,9,9,10,9,10,10,8,7,4,5,4,10,4,4,8,8,8,8,6,4,8,8,4,7,6,10,7,10,6,5,7,8,5,8,8,7,6,8,7,5,9,7,6,5,6,4,5,9,7,8,9,7,6,5,8,5,8,9,8,6,7,8,10,6,6,5,10,8,4,10,10,9,4,10,9,4,6,10,10,10,9,6,9,7,6,7,8,6,6,6,9,8,9,9,9,5,9
103,6,5,9,4,6,10,10,4,8,4,10,4,5,6,7,6,4,5,8,4,5,8,4,6,6,9,8,9,10,9,5,9,6,7,5,4,10,9,4,5,4,9,7,10,6,4,10,4,10,8,6,7,7,8,10,9,5,5,9,8,6,7,8,8,4,9,4,6,10,8,8,9,4,9,8,5,4,8,6,6,7,6,5,9,7,10,9,8,5,8,5,10,6,5,10,6,7,4,4,4,9,10,8,8,7,9,5,4,8,7,8,5,7,5,5,6,9,7,10,7,4,6,5,10,7,8,9,4,8,9,7,6,5,7,7,10,6,10,10,9,6,9,10,10,8,4,9,8,7,9,9,5,8,4,6,7,5,4,5,5,6,8,10,8,6,8,8,7,6,10,8,5,8,4,4,4,5,10,6,9,9,10,7,9,7,9,4,10,6,7,8,5,10,4,4,9,10,6,9,8
104,7,6,5,6,10,10,9,10,10,4,6,8,8,4,9,9,8,5,9,8,7,10,9,9,9,4,8,9,5,5,4,6,10,5,7,8,4,8,10,9,5,5,7,5,5,5,6,7,9,9,9,7,7,5,6,9,7,4,4,7,5,9,10,5,5,7,7,5,9,4,6,7,6,6,10,10,8,8,7,9,7,10,10,10,8,9,10,10,5,7,10,9,4,8,10,5,4,8,4,9,8,4,9,6,10,7,5,9,6,5,5,10,7,8,9,6,4,7,6,10,9,6,6,5,8,6,4,6,10,7,10,4,4,10,6,8,7,7,8,5,5,7,8,4,6,5,7,7,9,5,7,7,8,8,8,8,9,10,4,4,6,9,5,6,9,4,5,8,4,10,7,4,8,5,5,7,8,8,5,8,5,6,5,10,7,8,4,9,10,8,10,10,9,8,4,7,9,5,9,10
105,5,6,7,10,9,6,7,10,7,10,6,6,9,9,5,8,8,10,7,10,8,4,4,7,9,7,10,5,4,10,5,5,6,5,5,7,7,8,10,6,10,6,6,5,7,7,9,6,8,7,4,7,6,6,7,10,4,9,6,6,6,5,5,10,9,9,9,6,6,7,5,8,8,6,10,9,10,6,6,8,6,9,8,9,4,9,9,8,4,7,6,6,7,9,7,9,5,5,10,9,7,5,10,10,5,10,10,8,5,10,8,7,4,6,7,6,10,9,7,9,6,4,6,6,6,4,6,4,8,8,5,10,9,10,7,8,10,4,9,8,10,7,6,5,6,6,10,5,4,5,8,5,7,6,7,5,4,7,4,8,10,4,6,7,10,5,6,10,9,5,5,6,4,10,8,4,8,6,10,5,9,4,5,4,4,7,9,4,10,4,4,9,4,8,8,9,9,6,8,7
106,8,8,4,9,4,5,5,7,8,5,10,9,6,5,10,4,7,8,9,4,7,10,7,8,4,7,10,4,10,4,4,8,5,8,5,9,7,8,8,5,5,9,8,4,9,9,4,10,7,6,8,4,5,6,10,7,8,8,8,6,9,6,4,7,7,5,4,5,5,4,9,4,8,5,10,8,8,10,8,4,9,9,8,9,8,9,7,5,9,7,9,9,7,10,9,5,6,7,9,4,8,10,7,6,9,6,5,6,4,5,8,10,9,5,9,4,10,7,8,7,6,10,8,8,8,10,9,4,4,6,6,7,7,10,6,5,8,10,10,8,9,4,5,10,9,6,6,10,5,7,7,4,4,6,7,8,10,10,5,10,4,7,10,5,10,7,8,6,9,5,6,7,9,8,5,6,10,8,4,4,4,8,4,9,9,6,5,10,7,7,8,4,4,10,5,5,5,7,7,10
107,10,5,9,4,4,8,6,10,8,9,4,10,4,8,8,7,5,5,8,8,5,9,5,7,4,8,10,6,7,6,6,6,6,6,9,6,6,8,9,10,10,8,7,8,6,6,6,10,10,9,7,7,4,8,7,10,10,4,4,9,10,7,7,9,6,5,4,9,10,5,6,10,10,9,5,7,6,8,7,5,7,8,9,6,8,6,10,9,10,7,4,7,5,8,8,5,5,4,7,4,6,10,7,10,4,10,6,4,9,6,6,6,10,10,6,7,10,6,5,7,5,9,6,8,8,8,4,9,9,7,9,4,9,10,6,5,8,8,6,7,6,4,5,5,4,8,6,10,10,7,5,8,8,4,10,7,4,4,7,10,4,5,7,5,4,8,4,8,8,9,7,4,6,7,7,6,7,5,6,10,4,5,5,10,7,4,7,7,10,7,7,6,5,8,5,10,5,8,4,10
108,8,9,4,4,7,8,5,7,6,9,4,9,9,5,8,8,10,9,6,7,4,8,9,10,10,8,6,7,4,5,6,6,5,8,9,6,5,5,4,8,8,9,4,4,6,8,4,4,10,10,7,6,8,5,10,7,9,10,4,7,6,8,10,5,4,5,5,4,4,10,5,8,9,9,10,6,8,10,6,7,7,10,4,5,6,8,7,8,7,10,8,9,6,9,8,7,10,4,10,9,6,9,6,8,9,4,9,10,9,8,5,5,9,8,9,9,7,6,6,6,9,8,9,4,7,7,5,4,10,6,9,8,8,5,6,10,5,7,10,5,4,5,8,8,6,4,8,10,6,4,8,4,8,8,9,4,10,10,5,9,7,5,10,5,10,6,8,5,9,10,6,9,9,10,6,6,5,7,10,6,8,5,8,9,4,4,8,7,9,8,10,9,7,6,7,6,6,6,4,6
109,4,5,9,5,10,8,8,10,8,8,6,9,10,8,4,6,9,5,5,10,7,6,9,8,9,6,4,10,4,6,9,5,5,9,9,9,6,9,9,5,8,6,6,4,4,8,10,10,7,8,10,9,6,6,7,7,7,5,5,10,6,5,4,5,9,10,10,10,9,5,9,9,7,9,8,8,7,5,7,5,10,8,9,9,9,8,7,7,8,10,6,5,7,5,9,7,5,8,10,9,7,4,9,4,5,7,6,6,8,7,6,8,8,5,10,5,6,7,8,4,9,7,10,9,10,9,7,10,4,7,10,4,6,8,6,7,8,5,6,10,6,5,8,7,6,10,5,10,6,8,8,10,4,5,7,8,9,8,5,10,5,5,8,9,5,9,8,10,9,9,4,7,9,9,7,7,6,10,4,9,3,10,6,8,6,4,8,6,8,8,6,8,8,10,9,4,5,9,6,9
110,9,10,9,7,5,5,7,5,6,10,10,7,4,8,6,9,7,8,10,4,5,4,6,9,8,4,9,9,6,4,9,9,5,6,8,4,9,7,4,5,5,4,7,6,10,5,9,8,8,5,10,6,5,10,9,5,10,6,5,6,5,4,6,9,7,7,7,7,9,6,7,9,8,9,8,4,8,5,7,7,7,4,8,8,7,10,9,7,7,7,6,7,7,8,10,9,5,5,7,9,9,10,6,6,10,7,5,4,9,4,10,7,4,10,8,9,9,9,4,7,10,10,10,8,10,10,8,10,10,10,5,7,6,4,5,4,5,5,9,5,9,5,10,10,5,9,8,9,6,9,6,5,4,7,6,10,5,9,8,9,6,9,4,10,6,5,8,7,10,9,8,9,10,6,7,4,10,6,5,7,3,9,6,8,4,5,10,6,4,10,10,10,5,7,5,8,7,9,8,10
111,8,7,7,4,9,10,10,8,8,9,9,4,10,8,8,4,8,6,5,4,5,9,9,10,10,6,8,5,6,6,9,8,4,8,8,5,10,7,5,8,8,4,4,9,8,9,7,4,7,10,6,10,9,4,7,5,4,4,9,8,5,10,7,5,7,8,7,4,7,9,7,9,10,5,9,9,7,5,5,8,9,7,10,5,10,10,4,9,8,4,5,4,4,9,4,7,4,4,6,10,4,4,8,10,5,8,8,7,5,10,10,5,10,8,10,9,10,5,6,10,5,7,7,7,5,4,5,5,7,4,4,8,8,6,8,8,5,10,10,8,9,10,6,7,5,6,4,4,5,7,6,8,8,8,10,6,7,4,9,4,10,10,9,6,5,5,8,7,4,4,5,7,10,8,9,10,10,7,10,6,3,6,6,7,6,7,4,6,9,4,8,9,4,7,10,6,6,4,4,7
112,10,6,7,4,4,4,6,6,7,4,8,10,6,8,9,10,5,5,9,4,6,9,4,9,4,5,4,9,10,6,4,9,8,9,8,6,6,9,5,10,5,10,5,4,8,10,8,5,6,10,10,6,10,4,7,10,9,6,4,4,8,5,5,7,9,10,10,4,6,9,4,8,7,9,6,4,8,6,7,4,6,4,7,10,8,4,5,7,7,5,7,7,6,9,9,9,8,9,5,5,4,4,6,6,10,8,9,8,10,5,7,5,4,5,5,8,4,10,8,10,8,8,9,8,4,7,6,5,9,7,4,5,7,9,7,6,7,4,7,7,5,6,10,5,5,9,6,7,6,5,7,5,4,6,9,10,9,8,7,4,10,9,8,7,8,8,10,8,4,4,7,6,8,8,8,7,10,5,5,7,6,10,8,6,4,6,10,7,4,7,7,6,10,4,10,9,5,7,4,5
113,8,9,6,5,10,4,7,9,9,5,9,9,6,7,8,5,6,4,9,6,5,10,6,5,4,9,9,10,7,7,5,6,4,4,10,10,10,9,9,7,5,10,4,6,9,6,7,9,10,9,6,8,6,8,5,9,5,10,9,8,7,7,8,9,8,7,7,9,6,8,4,5,4,5,5,6,5,5,8,8,7,4,8,4,8,9,4,7,10,7,8,10,10,6,9,4,4,10,5,5,9,10,10,8,5,9,5,9,10,5,7,8,5,6,10,9,7,9,5,4,5,7,6,9,4,10,6,6,10,5,6,7,6,8,5,6,5,9,4,4,8,9,5,6,8,8,6,5,5,9,9,9,9,8,4,10,4,5,6,9,9,7,7,10,6,6,4,10,7,9,4,4,9,8,10,4,4,4,5,10,3,5,4,8,10,10,4,10,8,9,10,9,6,9,7,10,10,5,5,8
114,7,9,6,5,7,8,8,8,10,7,7,4,6,10,4,6,5,10,5,4,6,7,7,10,9,4,6,4,5,5,9,7,9,5,4,6,5,6,6,4,8,4,8,4,7,5,5,10,4,8,8,8,7,9,5,6,7,9,10,8,4,6,4,8,5,9,9,9,8,9,4,6,9,5,6,4,7,4,9,4,4,5,4,5,8,8,7,4,4,9,5,10,5,7,9,5,5,10,8,5,8,10,10,6,9,5,9,10,4,8,9,4,4,6,8,4,8,5,6,10,7,8,4,6,7,9,9,9,7,9,10,7,5,5,9,8,10,5,4,5,4,4,7,7,9,7,4,4,10,7,4,9,8,5,4,6,6,10,8,6,7,5,6,7,10,5,9,7,6,4,6,4,8,5,7,9,10,4,10,5,5,7,8,7,4,5,7,4,5,8,5,5,6,5,10,6,5,9,5,6
115,9,4,7,4,8,6,10,6,9,9,10,9,4,4,7,9,4,8,9,9,10,9,5,8,9,10,9,6,5,8,7,8,10,4,9,10,7,4,8,5,8,7,8,10,6,7,8,6,9,10,5,6,9,10,6,5,9,10,6,4,8,8,10,10,5,4,4,9,4,9,4,6,9,5,8,9,10,6,5,6,7,8,8,5,6,8,6,10,10,6,4,7,8,9,9,6,4,8,10,10,4,7,10,8,5,6,6,8,9,8,7,5,4,4,5,8,8,7,7,4,9,9,5,10,8,10,9,9,7,4,6,9,8,9,7,7,10,4,4,5,10,8,10,10,8,4,4,4,8,4,8,5,8,7,6,10,5,6,8,5,10,10,10,5,4,10,8,7,4,6,8,6,4,9,7,4,5,5,8,7,6,10,7,8,8,9,4,4,8,9,9,7,7,6,5,4,7,9,7,4
116,8,5,4,9,10,4,9,8,5,5,6,7,5,4,5,9,8,9,7,8,6,7,9,10,9,8,5,5,7,4,5,9,4,5,4,7,6,8,4,6,10,6,6,9,5,10,9,4,10,4,8,7,6,6,4,9,5,8,8,8,10,7,4,10,4,9,5,8,10,6,4,10,9,8,10,7,8,8,7,8,8,6,10,8,10,4,7,8,8,10,8,10,8,6,9,9,10,7,10,9,10,9,4,10,10,6,10,7,9,10,7,6,8,9,7,7,6,4,4,4,9,8,9,7,8,4,10,6,7,5,10,8,4,10,6,6,10,9,8,6,9,6,5,4,5,6,6,4,6,10,8,9,7,9,8,8,10,10,6,8,7,10,10,8,10,5,9,8,5,5,10,10,6,4,5,6,5,4,10,5,6,4,8,5,6,8,7,8,6,9,4,5,6,5,7,4,10,7,7,5
117,10,6,4,8,7,5,6,8,8,9,10,5,6,10,9,6,5,4,4,10,5,8,4,10,5,6,9,10,10,6,6,4,6,9,6,4,9,9,9,8,4,8,4,8,6,9,4,5,10,8,9,10,8,5,10,7,6,5,9,5,5,9,7,5,6,8,8,10,7,9,9,10,6,4,8,9,6,8,7,8,7,10,4,5,6,5,7,10,5,10,10,10,7,6,7,5,8,8,10,5,9,10,9,5,5,4,10,8,8,6,8,7,10,6,5,8,9,5,10,9,9,4,7,7,8,8,7,4,10,4,4,6,9,9,6,9,10,8,10,5,6,10,8,9,5,7,10,7,4,8,7,7,7,8,4,7,9,8,4,8,6,6,4,7,4,9,8,9,8,4,5,10,4,7,8,6,9,7,9,9,3,6,6,6,9,8,10,7,9,5,10,8,7,4,10,5,5,6,9,4
118,7,7,10,9,7,9,4,7,5,7,4,7,8,4,4,10,10,7,5,9,9,9,9,6,9,7,8,9,8,7,4,4,9,10,9,6,5,9,7,10,8,9,6,9,7,6,5,10,9,6,5,9,6,10,6,9,6,6,7,5,6,10,4,10,5,7,8,8,8,8,9,9,4,7,8,8,7,6,4,6,9,4,9,9,6,7,8,6,8,10,4,6,6,8,4,10,4,10,5,7,5,5,4,9,10,10,7,9,10,4,7,8,9,10,6,4,6,4,6,9,10,5,9,10,6,10,4,5,7,6,6,4,7,8,9,8,4,7,8,5,9,10,8,10,5,7,10,7,9,8,6,7,10,5,6,4,6,4,8,7,5,10,10,6,5,5,6,4,7,4,9,10,6,6,6,8,10,4,4,7,4,8,9,6,5,7,9,10,9,9,6,7,5,8,4,5,4,8,8,6
119,10,6,9,5,8,4,9,7,10,5,7,7,4,7,7,6,8,5,10,5,10,7,5,4,9,9,8,7,9,5,7,6,7,5,9,7,8,7,8,6,5,6,6,6,8,4,9,9,8,5,6,10,9,5,7,6,10,7,8,10,8,8,10,9,4,8,8,10,6,5,8,9,4,6,7,9,6,10,5,7,4,9,4,6,6,5,5,7,7,7,5,8,5,9,8,10,7,7,7,9,10,8,7,5,9,7,6,4,8,4,4,10,5,4,9,8,4,10,6,6,7,6,6,4,7,8,6,9,4,6,6,4,10,7,4,4,7,5,7,8,9,4,4,4,4,4,9,7,10,10,8,9,4,8,6,6,8,7,6,4,10,10,9,7,9,9,9,4,9,7,6,7,9,7,4,10,8,6,10,9,8,8,7,7,5,5,4,10,7,6,5,4,7,4,7,10,7,6,8,6
120,8,9,10,4,5,10,10,9,10,9,6,10,4,9,8,8,9,10,5,10,6,10,9,4,4,4,5,4,6,7,9,9,8,8,4,6,6,9,9,7,7,9,8,5,9,8,7,10,10,9,4,5,5,8,8,9,7,8,9,5,5,10,10,4,8,10,10,9,5,5,5,4,6,10,10,7,10,4,4,8,9,10,6,8,4,4,4,9,9,6,7,4,4,10,10,8,7,8,8,9,8,6,7,8,10,5,9,5,6,4,8,6,7,9,4,10,8,10,6,8,7,4,5,8,10,5,4,8,5,7,7,8,6,9,9,7,5,6,4,8,9,7,7,8,10,8,5,4,5,6,6,10,8,4,9,10,5,7,6,6,9,9,9,5,4,5,5,9,4,6,4,4,4,5,5,8,5,4,9,8,6,8,5,6,10,4,5,9,6,8,4,7,9,9,5,9,5,9,10,5
121,7,8,9,10,4,4,7,10,6,9,5,7,4,7,8,4,8,10,8,10,4,8,5,10,5,5,7,5,5,10,9,9,4,6,10,9,7,7,4,9,5,7,6,10,4,4,4,6,8,7,7,7,8,9,4,9,8,10,4,4,9,4,7,4,6,7,10,6,9,10,4,4,6,7,8,5,10,8,7,10,7,8,5,5,5,6,6,10,5,5,10,9,10,7,9,7,4,10,6,10,7,10,9,9,9,5,9,9,8,5,10,5,7,10,5,9,6,8,6,9,8,8,4,9,7,9,7,7,5,7,5,8,4,4,9,8,7,4,7,6,6,6,7,7,8,7,6,5,7,6,9,4,6,4,7,6,9,10,4,10,4,10,5,10,6,9,10,5,10,10,5,5,10,7,9,8,5,7,9,10,4,8,9,10,8,7,4,5,6,6,6,7,5,7,4,6,7,8,10,4
122,4,5,10,5,5,8,5,9,4,9,9,8,10,8,10,9,6,6,9,5,6,4,4,8,7,9,4,7,8,7,10,9,4,4,9,10,4,9,7,6,9,7,10,7,8,7,6,9,5,6,10,9,9,9,9,9,7,7,9,10,9,5,4,4,7,10,10,10,6,6,8,10,10,9,6,6,6,6,4,5,7,8,7,10,9,4,5,10,4,6,5,7,10,10,5,10,7,5,8,4,6,10,4,8,7,4,4,8,8,4,8,8,6,7,4,6,6,10,8,4,9,9,8,10,10,9,6,6,7,6,5,10,9,7,5,4,6,8,8,4,8,5,9,7,9,7,6,5,7,4,8,7,6,7,7,10,4,6,9,4,10,4,10,4,8,6,9,4,10,4,5,5,8,8,8,8,5,5,9,7,6,6,5,6,6,7,4,6,10,7,8,5,7,7,9,9,5,8,4,6
123,10,4,8,6,8,5,9,4,10,4,8,7,9,5,4,8,10,6,9,4,7,10,5,4,7,7,9,10,9,5,9,4,4,8,9,10,8,6,9,8,5,5,10,6,10,4,5,5,10,5,10,6,8,7,4,5,8,7,9,4,9,10,10,9,4,5,10,9,4,7,10,4,10,4,10,7,10,9,6,6,8,4,7,6,6,5,6,10,10,8,8,5,4,4,7,10,4,5,10,6,7,6,5,4,7,4,10,5,9,9,7,6,7,5,7,7,5,8,5,7,6,5,4,7,10,5,4,10,6,9,6,9,9,4,8,9,4,9,10,5,6,8,8,6,5,10,8,6,10,7,6,10,10,4,6,8,4,7,7,9,4,8,10,4,10,10,7,6,6,8,4,6,6,9,9,10,10,9,9,5,5,9,4,4,6,7,7,5,6,5,7,6,7,4,6,8,9,8,9,4
124,5,10,6,5,10,9,9,7,10,5,4,5,9,10,8,5,9,8,6,10,8,6,7,8,4,7,9,4,6,10,4,7,7,4,9,10,5,9,5,9,5,4,6,5,5,10,4,4,7,5,6,6,10,5,9,7,10,9,7,10,5,8,5,10,8,6,7,10,9,5,7,10,8,10,9,10,4,10,7,9,4,7,10,9,10,7,8,4,6,6,9,5,10,10,9,7,9,10,9,7,7,9,9,9,8,8,9,8,6,10,7,4,4,5,5,5,9,8,8,7,7,4,9,10,4,8,10,5,10,5,5,9,7,5,10,6,8,5,7,4,6,6,5,6,7,10,9,4,4,10,8,4,8,4,6,6,6,4,8,5,9,7,8,9,10,7,9,9,9,7,7,6,10,7,8,8,9,8,10,7,5,6,10,10,10,4,8,7,6,7,10,7,4,5,9,4,4,7,9,7
125,6,9,8,5,9,10,9,6,8,8,7,9,7,8,8,9,8,6,7,8,7,9,9,6,9,7,9,6,9,5,5,6,10,7,10,7,6,8,10,7,10,9,5,7,8,8,10,7,9,8,5,6,6,8,5,8,7,10,6,8,8,7,10,5,10,5,6,8,5,6,5,7,5,8,7,10,5,5,8,9,8,5,10,7,5,5,10,8,8,8,9,7,10,9,5,9,6,10,10,5,9,8,7,10,8,5,7,8,5,6,9,6,5,5,10,9,8,9,6,6,6,10,6,10,7,6,9,9,8,7,7,7,6,8,9,8,6,9,8,5,5,5,5,10,6,7,10,9,6,5,7,10,8,9,7,5,9,5,5,5,7,9,10,5,9,8,9,7,8,8,9,10,8,5,8,9,9,6,6,9,9,5,8,6,9,5,8,9,9,9,10,10,9,5,10,10,5,8,10,8
126,5,5,7,8,8,10,7,5,9,9,5,9,7,10,5,6,7,6,8,6,9,7,8,9,9,8,9,8,9,5,6,9,6,5,10,6,10,8,10,9,10,6,10,8,6,9,7,6,6,8,8,10,7,9,7,10,9,8,8,6,10,5,7,8,6,7,9,5,6,7,7,6,7,7,7,9,10,5,8,7,8,10,10,10,9,7,9,7,5,10,9,10,10,5,10,5,10,5,9,9,5,7,7,6,7,7,8,6,5,8,9,8,9,8,7,10,9,8,7,6,7,5,7,7,5,9,6,8,10,7,7,5,10,6,7,9,5,8,10,5,10,10,6,10,6,8,7,10,9,7,5,9,7,10,6,7,8,9,6,7,5,6,6,7,9,8,6,6,7,10,9,10,10,6,6,5,9,5,5,7,7,6,6,8,6,9,10,10,10,7,10,7,6,9,5,6,9,9,6,8
127,8,6,7,8,7,5,5,9,10,6,9,8,5,9,5,6,7,5,9,9,10,6,8,7,9,10,8,7,6,6,5,9,9,9,5,5,6,8,8,6,9,7,7,6,9,6,9,7,7,6,7,9,9,8,6,5,6,9,9,8,8,6,5,6,5,8,5,7,7,8,7,6,9,7,9,5,10,6,7,8,10,7,5,6,8,10,8,6,7,7,10,7,9,8,8,9,10,6,9,10,5,9,5,7,7,7,5,6,10,8,7,6,9,5,8,8,5,8,6,7,9,7,10,9,10,7,5,9,7,7,10,10,6,6,10,9,9,9,9,8,10,10,9,6,9,9,5,7,10,5,6,6,10,7,10,7,8,6,9,7,8,9,9,5,8,7,10,8,8,8,7,6,8,10,6,7,10,8,10,5,5,7,6,7,5,9,6,5,8,7,6,9,8,9,9,6,10,6,9,5
128,7,7,9,5,6,5,10,6,7,9,7,8,6,10,9,5,7,7,10,6,9,5,7,10,6,6,8,9,6,9,6,5,6,7,5,9,7,5,7,6,9,8,5,8,6,9,6,10,7,7,9,10,8,10,10,10,5,5,5,6,6,5,6,8,5,5,6,6,8,8,7,10,6,7,5,5,5,8,6,5,5,6,5,8,6,6,7,10,9,6,8,8,8,6,5,8,7,8,6,7,7,8,6,8,9,9,9,8,5,7,8,7,8,7,6,10,5,5,6,8,5,6,6,10,6,7,8,10,10,7,8,8,6,5,8,9,6,10,9,5,9,6,6,6,8,9,9,6,6,7,8,6,7,8,9,10,8,10,10,8,6,6,7,7,7,9,7,7,7,5,6,10,8,10,7,9,5,5,9,7,5,8,6,10,6,6,7,8,9,5,6,9,5,8,5,10,7,8,10,5
129,8,9,9,8,7,8,5,8,10,5,5,6,8,7,8,7,6,5,6,5,8,7,9,9,6,7,8,9,7,8,9,6,8,10,5,5,6,9,10,9,8,9,5,8,10,9,5,9,6,5,10,10,9,6,7,9,10,6,9,8,5,6,8,10,7,9,8,6,8,6,5,6,6,10,10,5,10,10,10,5,7,5,8,9,8,6,9,9,7,8,5,5,7,10,5,9,8,6,5,7,8,9,7,9,7,5,8,9,6,8,10,8,9,10,10,7,8,10,8,9,6,6,6,8,6,5,6,10,10,5,10,10,9,5,7,9,10,5,7,7,7,10,7,5,5,8,8,7,10,10,9,9,7,6,5,8,8,6,9,5,5,6,10,6,10,8,9,9,8,9,8,8,7,5,7,8,8,8,5,9,7,8,10,5,8,5,9,8,5,10,10,5,10,5,8,5,10,7,10,5
130,6,10,10,5,5,10,6,10,10,6,10,7,8,5,6,5,9,8,8,6,8,10,5,5,7,10,9,10,10,10,9,10,6,9,10,7,6,8,7,7,8,7,9,8,7,7,9,5,5,10,9,8,7,8,6,5,10,7,5,5,8,9,6,7,10,7,8,10,6,8,7,5,10,8,8,7,7,9,5,8,8,8,8,6,5,10,8,5,5,7,7,10,9,10,5,5,10,9,9,6,7,9,8,7,6,9,5,8,10,8,5,5,9,5,7,8,5,6,6,9,5,8,10,8,10,9,8,5,10,7,7,10,6,10,10,7,6,8,10,10,6,6,9,10,7,9,7,5,5,10,9,8,9,7,6,7,10,10,9,6,8,5,6,7,9,7,10,6,7,6,10,8,5,9,9,7,6,7,10,5,9,5,10,8,10,7,8,5,5,8,5,10,6,5,5,9,10,9,8,7
131,5,7,5,7,10,5,5,7,6,6,6,10,8,9,6,9,5,9,9,6,5,8,10,7,10,5,6,6,6,5,6,10,5,9,7,9,5,7,5,5,10,5,6,9,8,8,5,6,9,9,10,5,5,7,9,8,9,9,5,9,7,7,10,6,8,8,9,9,7,6,10,7,8,8,7,6,6,9,9,10,8,9,8,8,6,6,10,5,10,8,9,10,8,5,5,8,6,10,8,10,6,6,5,9,6,8,10,8,10,8,7,9,9,5,7,8,5,7,10,5,9,5,9,10,8,8,6,8,7,6,6,7,6,10,7,7,9,7,6,6,5,8,6,8,5,9,7,7,7,7,9,5,8,6,6,8,6,5,5,5,9,10,9,10,9,5,7,6,9,5,10,8,9,5,5,7,6,5,9,9,8,5,5,6,7,8,6,6,8,7,5,10,5,9,6,9,10,5,7,9
132,7,10,9,8,10,7,7,9,5,9,8,5,10,5,7,8,10,5,8,6,7,6,7,5,7,7,7,7,10,5,10,9,10,7,7,7,8,10,5,10,8,10,7,7,7,10,9,10,7,10,10,10,5,7,9,10,10,10,7,9,5,7,6,6,8,8,6,5,5,9,6,5,8,7,10,5,7,9,5,8,6,5,6,7,5,10,8,9,8,8,5,10,7,8,5,10,10,8,9,5,6,7,10,8,5,8,9,8,6,9,8,7,6,8,7,10,7,5,7,6,5,8,6,10,6,5,10,10,6,7,10,8,7,5,8,10,8,5,10,10,7,5,8,9,8,6,8,9,8,9,5,7,7,5,5,5,5,7,10,8,10,6,5,8,10,8,5,10,8,10,6,9,10,5,5,9,5,6,6,5,9,6,9,7,10,8,7,6,6,10,6,7,6,5,10,5,10,7,9,7
133,9,6,7,5,5,7,7,8,9,9,5,6,6,6,5,8,8,8,10,7,5,8,5,7,6,6,9,10,9,7,6,6,10,6,8,6,5,8,10,9,7,9,8,8,9,5,8,6,6,10,10,7,9,7,5,9,5,7,8,10,5,8,10,5,9,8,6,6,8,9,9,10,5,9,5,7,5,9,7,8,6,10,8,8,8,7,5,7,8,8,9,8,7,5,5,6,10,7,10,8,6,10,6,10,7,7,6,7,8,5,7,10,5,7,10,6,6,10,7,7,7,7,8,10,8,6,8,9,6,8,8,6,7,6,6,8,7,5,7,7,8,6,10,10,8,5,5,6,9,5,9,10,6,7,5,9,10,7,10,9,5,7,9,6,7,6,6,6,6,6,5,9,6,8,8,9,6,10,7,6,10,10,10,8,10,8,6,5,10,7,10,9,10,5,7,8,9,6,8,9
134,10,7,4,8,4,10,9,6,8,8,6,7,10,4,8,7,10,4,5,6,8,8,10,10,10,4,9,7,7,10,8,4,6,5,10,9,9,4,7,6,9,8,5,6,8,8,5,4,5,8,7,7,9,8,7,8,5,7,8,5,8,10,10,9,5,6,5,7,6,5,4,10,5,4,7,8,5,7,9,4,10,5,8,9,5,6,4,6,7,5,8,6,9,4,8,8,10,5,8,6,4,8,9,7,9,5,6,5,8,10,5,10,7,4,4,10,4,8,7,4,6,8,5,8,7,8,7,9,9,7,8,5,9,8,5,4,8,10,10,10,4,4,9,10,10,5,5,9,4,6,9,6,6,9,9,8,4,6,7,7,7,5,7,4,4,10,7,9,5,10,7,5,6,8,6,9,9,5,9,4,4,9,10,4,5,10,5,6,5,4,6,6,7,10,7,7,6,6,9,10
135,6,2,5,8,3,8,7,4,6,4,4,3,4,8,3,3,6,8,3,6,4,4,8,5,7,4,3,7,3,2,6,7,4,8,8,5,2,2,8,3,5,8,5,6,5,2,8,5,7,3,3,6,7,2,4,7,5,5,5,7,4,8,7,7,7,5,4,5,8,4,7,3,2,2,3,3,2,8,8,4,3,5,6,6,8,2,3,7,4,2,2,4,4,3,4,3,3,3,6,6,5,8,7,7,4,2,2,4,4,4,8,2,3,5,5,4,8,6,7,2,3,8,4,3,5,7,6,4,2,6,8,4,5,6,2,5,8,6,7,6,8,6,5,4,2,4,3,4,6,3,7,8,5,8,3,7,3,5,8,7,2,3,2,8,8,4,4,3,3,8,6,7,2,4,4,5,4,6,2,7,6,4,3,6,4,8,2,4,3,6,3,2,6,3,6,4,3,4,2,4
136,6,6,7,5,5,6,2,5,2,8,3,8,8,2,3,8,5,5,5,8,3,8,5,3,2,2,4,2,6,6,8,4,7,6,8,4,3,5,6,2,3,8,4,2,6,2,6,5,7,5,5,8,4,8,3,3,3,5,7,6,6,6,6,4,6,3,4,3,3,5,6,2,8,2,2,7,4,3,6,7,7,3,6,5,3,3,7,3,5,2,3,7,5,7,2,4,7,5,8,8,3,6,6,5,8,7,3,8,7,3,5,3,5,6,6,4,3,8,5,5,5,3,6,7,7,4,6,2,3,6,4,7,7,4,6,5,5,5,7,3,5,3,7,8,5,2,5,8,4,8,3,5,3,5,2,4,3,7,7,8,5,5,8,5,2,2,4,2,3,8,6,3,3,8,8,8,5,5,8,2,6,2,6,4,6,5,7,3,7,3,7,8,8,3,5,6,8,5,2,8
137,6,7,4,5,8,8,3,6,4,8,2,4,2,8,6,7,6,4,2,8,2,7,7,8,2,7,5,5,2,7,3,3,3,8,2,2,5,4,7,5,6,5,3,7,2,7,7,6,7,2,5,6,6,8,5,8,2,4,7,4,4,4,2,4,3,8,4,5,8,4,2,4,4,8,6,5,5,2,7,2,8,5,6,3,8,6,5,2,4,5,8,5,5,8,3,5,8,8,4,6,3,2,3,4,8,5,2,6,2,2,6,4,2,3,6,2,3,3,7,8,7,8,8,3,8,3,5,8,3,8,7,7,4,5,8,8,4,5,2,4,4,4,3,5,3,3,3,2,5,5,4,5,7,3,4,6,6,3,8,2,8,7,3,8,4,3,5,7,8,5,7,2,3,8,5,4,4,3,3,6,2,2,3,6,3,7,2,5,3,7,7,6,7,8,2,7,7,8,4,6
138,7,4,4,4,5,5,4,6,2,4,5,3,8,8,8,3,7,3,8,4,2,3,5,7,3,3,3,4,4,5,5,3,4,7,4,4,5,2,2,7,3,8,2,3,2,5,3,3,7,8,2,2,3,2,2,7,5,7,5,3,4,3,2,8,4,5,8,6,8,4,7,4,5,7,7,3,2,6,2,6,8,2,3,3,5,6,4,2,5,8,7,7,3,7,4,5,7,4,6,5,3,3,3,3,8,7,2,7,3,3,8,2,3,5,4,6,6,4,3,3,5,2,5,6,8,2,2,4,6,5,3,6,4,5,6,7,3,4,7,8,4,8,6,3,3,3,4,6,2,8,6,7,6,6,5,5,3,3,4,3,6,6,2,2,3,3,6,4,5,6,4,8,4,8,4,2,2,6,4,3,3,2,2,5,4,5,6,7,2,8,5,8,8,6,6,2,8,2,6,8
139,3,7,6,7,5,4,5,5,8,7,6,2,3,4,7,6,6,6,4,7,2,8,4,6,6,8,7,7,8,5,8,7,6,5,5,6,3,6,2,3,3,3,2,3,5,7,2,6,4,4,4,5,8,7,8,8,7,2,8,7,7,3,5,4,4,6,5,5,7,3,6,3,6,3,7,5,7,4,7,8,3,4,6,8,4,3,3,2,4,2,4,5,7,4,2,8,3,6,5,5,2,7,2,3,4,7,5,5,2,4,6,6,7,3,5,5,4,5,2,6,3,8,2,4,6,8,2,8,8,4,4,8,3,6,5,5,4,2,4,3,4,4,6,8,3,6,6,8,4,6,7,8,3,2,6,7,7,5,5,8,2,3,5,8,7,3,2,5,6,3,6,3,6,3,8,8,8,2,7,8,8,7,7,4,7,5,3,8,6,8,7,3,8,6,4,4,7,2,3,7
140,6,2,4,2,2,3,8,5,6,8,3,8,7,3,7,4,7,4,7,5,2,2,7,6,2,3,2,2,7,7,2,2,7,4,8,6,6,2,5,5,7,3,4,3,6,4,4,3,2,6,7,7,2,2,6,3,7,3,8,5,8,5,5,6,3,8,7,4,3,6,7,8,2,5,2,5,7,7,2,8,5,5,3,7,2,8,3,6,8,5,7,8,4,8,8,3,8,5,5,5,8,4,6,7,4,5,6,8,7,3,5,7,4,7,4,5,8,8,8,8,5,6,2,2,8,2,7,7,7,8,2,7,3,5,3,2,4,7,3,8,4,6,2,8,7,6,2,7,5,2,5,5,4,8,8,4,2,3,7,8,4,6,8,3,6,6,3,6,3,8,3,6,4,6,3,7,4,5,3,4,4,8,7,3,3,6,7,4,4,3,4,7,4,6,5,3,4,4,6,2
141,3,7,2,8,5,6,6,8,2,7,4,2,2,5,8,7,2,6,7,2,4,7,4,6,7,7,5,8,7,2,6,3,6,7,5,3,8,2,5,7,4,6,2,5,5,4,3,3,7,3,8,4,4,5,8,2,7,7,4,6,8,5,3,5,7,8,8,5,7,2,6,7,3,2,8,4,5,6,7,4,5,2,2,7,2,6,4,7,5,6,2,4,7,4,6,8,5,3,3,7,6,7,7,4,4,8,2,6,4,3,4,6,4,5,7,7,2,4,3,4,2,7,4,8,3,8,7,6,6,8,3,4,6,6,6,2,7,8,5,6,5,6,2,3,8,5,6,3,8,5,8,4,2,7,3,6,2,7,3,3,5,7,6,6,6,2,5,4,6,4,4,3,3,4,7,7,4,7,7,4,2,7,7,2,2,8,8,2,2,8,8,3,3,8,4,2,6,5,7,5
142,6,4,3,7,7,2,2,4,2,2,6,6,5,2,2,6,2,4,4,6,5,7,7,8,2,2,4,5,7,4,7,8,3,2,7,3,8,3,4,2,6,3,2,4,8,2,8,7,6,6,2,2,8,7,4,6,8,3,3,4,7,3,4,7,4,6,2,3,7,2,5,3,3,4,7,6,6,2,4,3,6,6,3,4,3,6,4,4,8,8,7,2,4,4,6,2,6,6,6,6,5,3,5,8,4,2,2,2,6,7,4,4,2,3,6,7,8,5,6,5,2,8,8,5,3,2,2,7,7,4,7,6,2,5,6,7,6,3,6,4,6,3,8,2,5,5,4,7,7,5,7,3,8,8,3,8,2,2,2,5,6,8,5,6,6,7,6,4,4,8,6,2,4,2,6,6,2,3,5,4,3,3,8,6,4,7,8,5,5,4,8,8,7,8,8,2,4,3,3,4
143,7,7,7,9,9,9,8,8,8,7,8,9,9,8,9,7,8,9,8,8,7,8,8,9,9,7,9,6,8,8,8,9,7,9,7,8,7,7,9,9,7,9,8,9,9,6,7,7,7,6,6,8,9,9,8,7,9,6,8,8,8,9,7,7,9,6,6,6,9,9,9,9,7,8,8,7,6,6,8,8,8,7,8,6,7,9,6,6,6,8,8,7,9,6,7,7,9,8,6,6,6,7,9,8,9,6,6,9,8,9,8,8,6,7,8,7,8,7,9,6,6,6,9,8,8,8,8,7,6,7,9,6,9,7,7,9,8,7,7,7,6,8,6,7,7,6,9,7,9,9,6,6,9,6,6,8,9,9,6,9,6,7,9,8,9,8,6,7,6,7,7,8,6,8,9,8,8,9,8,8,6,7,6,9,9,7,6,7,8,7,7,6,7,7,9,6,8,9,7,7
144,6,9,9,6,6,6,8,8,7,7,7,6,8,6,6,7,9,9,6,6,8,6,8,7,7,8,8,6,8,7,8,8,9,6,7,8,8,9,7,6,6,7,6,8,9,6,6,6,7,9,6,6,6,9,7,7,8,8,8,6,7,6,6,7,9,9,6,7,6,6,9,7,9,9,8,9,8,6,7,9,6,8,9,6,8,9,6,9,7,9,9,6,9,7,8,7,6,6,7,7,7,8,7,7,9,8,8,9,9,7,9,8,6,9,7,9,6,9,8,8,8,7,7,7,8,8,8,7,6,9,6,6,9,9,9,7,9,6,9,7,6,9,6,9,9,6,8,9,8,9,6,7,6,7,9,6,9,9,6,9,6,9,6,7,7,9,7,6,7,8,8,7,7,9,6,9,6,8,9,7,8,7,8,6,9,6,8,6,7,8,8,6,8,9,8,8,8,7,6,9
145,7,9,7,7,9,8,8,7,9,8,6,7,8,7,6,9,6,6,6,7,8,9,8,9,9,8,7,8,8,6,8,8,6,8,9,6,6,9,8,8,6,7,7,7,9,6,8,7,6,8,9,8,9,6,9,9,8,9,8,9,7,7,8,6,9,6,6,9,6,8,9,6,7,6,9,9,6,7,7,8,6,8,8,9,8,8,7,7,7,8,9,6,9,9,9,9,8,7,9,7,8,8,7,9,7,6,9,7,6,9,8,7,7,7,9,9,6,6,8,6,9,7,6,7,6,7,8,9,7,7,7,6,6,7,9,7,9,7,9,6,7,6,6,7,8,8,7,8,8,9,9,6,6,6,6,7,7,6,7,8,6,7,9,7,9,6,7,6,7,6,6,6,8,9,7,9,6,7,7,7,8,9,8,6,8,9,9,6,7,6,9,7,7,6,6,8,6,9,9,7
146,6,9,9,8,6,8,9,8,8,9,9,7,9,6,7,8,6,6,6,8,6,6,7,9,7,9,9,7,8,9,7,6,6,7,6,8,6,6,8,6,9,8,6,9,7,7,9,6,8,7,6,8,8,8,6,8,7,9,9,9,7,7,7,9,8,6,6,9,7,6,7,8,6,6,9,6,8,8,7,9,9,9,9,6,9,8,6,7,6,7,8,8,9,6,9,6,8,8,8,9,7,8,7,7,9,9,8,6,9,7,7,6,6,7,7,6,6,7,9,9,8,8,8,9,9,8,9,8,9,6,9,8,7,7,7,9,7,7,8,7,7,7,7,7,9,8,8,9,6,6,6,7,7,6,8,7,7,8,7,6,6,6,9,7,8,9,7,6,8,7,6,6,9,6,6,9,7,9,6,9,7,9,9,9,7,8,7,7,6,9,7,7,6,8,6,8,9,8,6,7
147,6,8,9,6,9,8,6,9,9,6,8,6,8,8,9,7,6,6,7,7,6,6,6,7,8,6,9,6,9,9,6,6,7,7,6,6,9,6,8,7,6,9,6,9,8,9,7,6,6,6,8,9,6,6,7,8,9,6,8,6,6,8,6,9,8,9,9,7,7,6,8,6,6,8,6,6,8,9,7,6,6,8,8,6,7,9,8,7,8,7,7,8,8,6,8,9,6,9,6,8,6,7,8,6,7,9,9,9,6,7,6,9,7,7,8,6,8,8,8,8,7,6,6,7,9,6,6,7,8,6,7,9,9,7,6,7,8,7,9,7,8,7,7,7,6,8,9,7,9,8,7,7,8,9,9,6,9,9,7,9,8,7,8,7,8,9,7,8,6,9,6,9,7,8,9,8,6,6,6,7,6,7,7,9,8,9,6,9,7,7,6,8,9,8,9,9,6,6,7,9
148,8,6,9,8,8,7,8,6,6,6,6,6,8,9,7,6,9,6,6,9,8,7,9,9,7,7,9,6,7,6,6,8,6,9,8,9,8,9,8,6,8,9,6,6,9,7,7,8,9,8,6,8,9,6,7,6,8,9,8,8,9,9,8,8,8,9,7,8,6,7,6,6,8,9,8,9,7,9,8,9,6,9,9,7,8,9,7,6,9,9,7,9,8,7,6,8,8,6,6,9,9,9,7,7,9,6,9,9,6,6,9,6,7,9,8,9,6,9,9,7,7,6,7,7,6,7,9,6,6,9,7,7,7,8,7,7,7,9,8,6,7,8,7,7,6,7,7,8,6,8,8,8,6,9,7,7,6,6,6,7,8,7,6,7,6,9,7,8,8,9,7,8,6,7,6,7,8,8,6,8,6,6,7,8,8,6,8,6,7,7,9,9,6,6,8,7,8,7,6,6
149,9,6,7,7,9,7,6,7,9,6,7,9,6,7,8,8,8,7,7,7,6,8,7,7,9,6,6,8,8,7,8,8,6,6,8,6,8,9,9,7,6,9,7,6,6,7,9,9,6,7,9,9,6,9,9,7,6,7,6,9,7,8,8,9,6,6,9,6,6,6,8,8,8,8,9,8,7,9,7,9,8,6,7,6,8,8,6,6,9,9,7,9,9,7,9,6,7,9,6,7,6,7,9,8,8,9,8,7,6,8,9,6,9,8,6,7,9,8,6,7,8,6,6,8,9,8,7,8,6,8,7,7,8,8,9,8,7,8,9,6,7,8,8,7,6,8,6,9,9,6,9,8,7,6,8,9,8,6,6,6,9,9,7,6,9,8,7,9,6,9,7,8,9,9,9,9,8,8,6,9,9,7,8,7,7,7,7,9,6,6,8,7,6,6,8,8,9,7,6,7
150,,,,,,,,,,,,,,,,,,,,,,,,,,,,,,,,,,,,,,,,,,,,,,,,,,,,,,,,,,,,,,,,,,,,,,,,,,,,,,,,,,,,,,,,,,,,,,,,,,,,,,,,,,,,,,,,,,,,,,,,,,,,,,,,,,,,,,,,,,,,,,,,,,,,,,,,,,,,,,,,,,,,,,,,,,,,,,,,,,,,,,,,,,,,,,,,,,,,,,,,
